{
	"type": "GroundUnit",
	"name": "Abomination",
	"description": "A very durable wallking brain",
	"maxVelocity": 0.65,
	"speed": 0.29,
	"drag": 0.25,
	"mass": 8,
	"rotatespeed": 0.01,
	"baseRotateSpeed": 0.07,
	"hitsizeTile": 130,
	"hitsize": 130,
	"health": 10000,
	"range": 700,
	"attackLength": 150,
	"rotateWeapon": true,
	"targetAir": false,
	"weaponOffsetY": 40
	"shootCone": 280,
	"immunities": [
		"burning",
		"melting",
		"freezing"
	],
	"weapon": {
		"name": "abomination-equip",
		"length": -2,
		"width": 60,
		"alternate": true,
		"reload": 280,
		"recoil": 20,
		"shootSound": "flame",
		"bullet": {
			"type": "ArtilleryBulletType",
			"collidesTiles": true,
			"damage": 100,
			"collides": true,
			"collidesAir": true,
			"bulletWidth": 50,
			"bulletHeight": 55,
			"hitShake": 3,
		    "shootEffect": "impactShockwave",
		    "hitEffect": "impactShockwave",
		    "despawnEffect": "impactShockwave",
		    "lifetime": 300,
		    "speed": 2.5,
		    "knockback": 30,
		    "hitSound": "explosion",
			"trailEffect": "shockwave",
		    "bulletSprite": "overdriven-meatball",
		    "fragBullets": 50,
		    "fragBullet": {
		        "type": "LiquidBulletType",
		        "liquid": "blood",
		        "lifetime": 1,
		        "speed": 5,
		        "damage": 0,
		    }
		}
	}
}